subj,task,run,abs_mean,rel_mean
100307,SOCIAL,LR,0.334974,0.059518
100408,SOCIAL,LR,0.255035,0.111908
101006,SOCIAL,LR,0.170517,0.077697
101107,SOCIAL,LR,0.432325,0.061863
101309,SOCIAL,LR,0.559692,0.051542
101410,SOCIAL,LR,0.168701,0.090389
101915,SOCIAL,LR,0.389969,0.091183
102008,SOCIAL,LR,0.231407,0.170100
102311,SOCIAL,LR,0.679252,0.067005
102816,SOCIAL,LR,0.929062,0.191925
103111,SOCIAL,LR,0.154728,0.110756
103515,SOCIAL,LR,0.505235,0.138297
103818,SOCIAL,LR,0.234203,0.108986
105014,SOCIAL,LR,0.116925,0.080388
105115,SOCIAL,LR,0.206571,0.060414
105216,SOCIAL,LR,0.232440,0.052682
106016,SOCIAL,LR,0.603101,0.074429
106521,SOCIAL,LR,0.183603,0.065820
107321,SOCIAL,LR,0.089209,0.049123
107422,SOCIAL,LR,0.192958,0.061175
108121,SOCIAL,LR,0.318457,0.181687
108323,SOCIAL,LR,0.192466,0.053013
108525,SOCIAL,LR,1.287470,0.154910
108828,SOCIAL,LR,0.577178,0.090801
109123,SOCIAL,LR,0.308909,0.092513
109325,SOCIAL,LR,0.488098,0.125228
110411,SOCIAL,LR,0.147127,0.042933
111312,SOCIAL,LR,0.398815,0.072948
111413,SOCIAL,LR,0.229576,0.082832
111716,SOCIAL,LR,1.022760,0.083677
113215,SOCIAL,LR,0.125699,0.048839
113922,SOCIAL,LR,0.136986,0.058562
114419,SOCIAL,LR,0.598137,0.108597
114924,SOCIAL,LR,0.645586,0.156115
115320,SOCIAL,LR,0.256347,0.131939
116524,SOCIAL,LR,3.227950,0.248790
117122,SOCIAL,LR,0.966548,0.062811
117324,SOCIAL,LR,0.203889,0.047287
118528,SOCIAL,LR,0.337257,0.062231
118730,SOCIAL,LR,0.214814,0.097265
118932,SOCIAL,LR,0.350820,0.080257
119833,SOCIAL,LR,0.153902,0.119145
120212,SOCIAL,LR,0.433715,0.096892
120515,SOCIAL,LR,0.117247,0.089177
121618,SOCIAL,LR,0.665376,0.068863
122317,SOCIAL,LR,0.290696,0.068092
122620,SOCIAL,LR,0.418266,0.045473
123117,SOCIAL,LR,0.316231,0.146637
123420,SOCIAL,LR,0.536051,0.143532
123925,SOCIAL,LR,0.603277,0.105468
124220,SOCIAL,LR,0.253999,0.221600
125525,SOCIAL,LR,0.231864,0.077716
126325,SOCIAL,LR,0.276325,0.085792
126628,SOCIAL,LR,0.533441,0.124572
127630,SOCIAL,LR,0.219681,0.126027
127933,SOCIAL,LR,0.139312,0.055186
128127,SOCIAL,LR,0.115205,0.046794
128632,SOCIAL,LR,0.260441,0.062142
129028,SOCIAL,LR,0.107551,0.053716
130013,SOCIAL,LR,0.168298,0.084929
130316,SOCIAL,LR,0.527421,0.132567
131217,SOCIAL,LR,0.236541,0.099540
131722,SOCIAL,LR,0.249744,0.083309
133019,SOCIAL,LR,0.697583,0.069825
133827,SOCIAL,LR,0.374615,0.089437
133928,SOCIAL,LR,0.131203,0.055560
134324,SOCIAL,LR,0.539120,0.073355
135225,SOCIAL,LR,0.606101,0.065960
135528,SOCIAL,LR,0.408715,0.083466
136227,SOCIAL,LR,0.193429,0.067354
136833,SOCIAL,LR,0.327955,0.091774
137027,SOCIAL,LR,0.148460,0.071738
138534,SOCIAL,LR,0.363119,0.068146
139233,SOCIAL,LR,0.338662,0.111145
139637,SOCIAL,LR,0.424486,0.061329
140925,SOCIAL,LR,0.776770,0.231668
144832,SOCIAL,LR,0.326757,0.073710
146432,SOCIAL,LR,0.217211,0.080685
147030,SOCIAL,LR,0.659473,0.222749
147737,SOCIAL,LR,0.340932,0.094495
148335,SOCIAL,LR,0.389768,0.136145
148840,SOCIAL,LR,0.102686,0.073026
148941,SOCIAL,LR,0.210403,0.060086
149741,SOCIAL,LR,0.469308,0.134901
150423,SOCIAL,LR,0.368497,0.052465
150726,SOCIAL,LR,0.230691,0.098576
151223,SOCIAL,LR,0.171456,0.093644
151526,SOCIAL,LR,0.489515,0.135734
151627,SOCIAL,LR,0.195715,0.060151
151728,SOCIAL,LR,0.852959,0.195743
153833,SOCIAL,LR,0.403147,0.194007
154734,SOCIAL,LR,0.215283,0.070057
154835,SOCIAL,LR,0.391844,0.066095
154936,SOCIAL,LR,0.456398,0.086463
155231,SOCIAL,LR,0.795247,0.056047
156233,SOCIAL,LR,2.363150,0.649081
156637,SOCIAL,LR,0.359630,0.166170
157437,SOCIAL,LR,0.337664,0.105037
158136,SOCIAL,LR,0.275866,0.090863
159138,SOCIAL,LR,0.160404,0.083442
159239,SOCIAL,LR,0.123535,0.082702
159340,SOCIAL,LR,0.143095,0.097098
159441,SOCIAL,LR,0.415191,0.170542
160830,SOCIAL,LR,0.435717,0.115347
161630,SOCIAL,LR,0.344866,0.113067
162228,SOCIAL,LR,0.287405,0.060668
162733,SOCIAL,LR,0.330624,0.109660
163331,SOCIAL,LR,0.269015,0.198879
163432,SOCIAL,LR,1.517860,0.160363
164030,SOCIAL,LR,0.321407,0.044878
164131,SOCIAL,LR,0.283523,0.113621
164939,SOCIAL,LR,1.630020,0.118687
167036,SOCIAL,LR,0.442192,0.053059
167743,SOCIAL,LR,0.706367,0.122522
168139,SOCIAL,LR,0.435084,0.131445
168341,SOCIAL,LR,1.087880,0.087672
169444,SOCIAL,LR,0.382585,0.057512
170934,SOCIAL,LR,0.473953,0.071759
172029,SOCIAL,LR,0.274991,0.068137
172332,SOCIAL,LR,0.472328,0.075327
172534,SOCIAL,LR,0.598717,0.059168
172938,SOCIAL,LR,0.680498,0.127267
173435,SOCIAL,LR,0.252620,0.044626
173940,SOCIAL,LR,0.215976,0.058195
176542,SOCIAL,LR,0.216942,0.048223
177645,SOCIAL,LR,0.638929,0.061418
178142,SOCIAL,LR,0.113926,0.064786
178849,SOCIAL,LR,0.422085,0.058424
178950,SOCIAL,LR,0.197510,0.056485
180129,SOCIAL,LR,0.692171,0.136606
180432,SOCIAL,LR,0.409352,0.060839
181232,SOCIAL,LR,0.414562,0.065228
182739,SOCIAL,LR,0.246380,0.076129
185442,SOCIAL,LR,0.112325,0.072808
186141,SOCIAL,LR,0.239110,0.101794
187143,SOCIAL,LR,0.178378,0.116548
189349,SOCIAL,LR,0.123135,0.040664
189450,SOCIAL,LR,0.345350,0.111597
190031,SOCIAL,LR,0.122486,0.102600
191033,SOCIAL,LR,0.287389,0.063254
192540,SOCIAL,LR,0.545059,0.065491
195041,SOCIAL,LR,0.109849,0.120848
196750,SOCIAL,LR,0.293437,0.098602
197550,SOCIAL,LR,0.180035,0.148076
198451,SOCIAL,LR,0.612158,0.062422
198855,SOCIAL,LR,0.409073,0.044508
199655,SOCIAL,LR,0.093147,0.062974
199958,SOCIAL,LR,0.198525,0.094900
200614,SOCIAL,LR,0.169843,0.118014
201818,SOCIAL,LR,0.147760,0.060987
203418,SOCIAL,LR,0.241022,0.065583
204016,SOCIAL,LR,0.311862,0.109093
208226,SOCIAL,LR,0.323976,0.083447
210011,SOCIAL,LR,0.574718,0.051918
212217,SOCIAL,LR,0.464503,0.126364
212318,SOCIAL,LR,0.183533,0.142609
214423,SOCIAL,LR,0.370111,0.076398
231928,SOCIAL,LR,0.527919,0.082112
239944,SOCIAL,LR,0.315175,0.047045
245333,SOCIAL,LR,0.494473,0.050567
285446,SOCIAL,LR,0.390255,0.043619
290136,SOCIAL,LR,0.160907,0.085126
304020,SOCIAL,LR,0.443721,0.098965
308331,SOCIAL,LR,0.432631,0.089505
310621,SOCIAL,LR,0.473572,0.066629
316633,SOCIAL,LR,0.902052,0.056069
361941,SOCIAL,LR,0.202041,0.058487
397760,SOCIAL,LR,0.172436,0.127023
414229,SOCIAL,LR,0.096368,0.059689
465852,SOCIAL,LR,0.315731,0.115240
480141,SOCIAL,LR,0.413613,0.057669
486759,SOCIAL,LR,0.131439,0.076694
547046,SOCIAL,LR,0.112100,0.058782
552544,SOCIAL,LR,0.155184,0.057903
592455,SOCIAL,LR,0.673659,0.110399
622236,SOCIAL,LR,0.186531,0.066744
679568,SOCIAL,LR,0.149534,0.079449
715041,SOCIAL,LR,0.236345,0.066802
749361,SOCIAL,LR,0.256022,0.096036
753251,SOCIAL,LR,0.853257,0.102921
771354,SOCIAL,LR,0.165322,0.068093
782561,SOCIAL,LR,0.175790,0.056481
837560,SOCIAL,LR,0.074857,0.049592
845458,SOCIAL,LR,0.257007,0.103335
849971,SOCIAL,LR,0.257653,0.071570
871964,SOCIAL,LR,0.317066,0.074681
100307,WM,LR,0.259323,0.063951
100408,WM,LR,0.773338,0.135455
101006,WM,LR,0.273675,0.087186
101107,WM,LR,0.476697,0.048925
101309,WM,LR,0.457543,0.054483
101410,WM,LR,0.529787,0.095642
101915,WM,LR,0.429712,0.065974
102008,WM,LR,0.246059,0.107656
102311,WM,LR,0.657897,0.062436
102816,WM,LR,0.422705,0.097110
103111,WM,LR,0.460813,0.098442
103515,WM,LR,2.616840,0.173551
103818,WM,LR,0.535046,0.110017
105014,WM,LR,0.667697,0.079384
105115,WM,LR,0.299517,0.058770
105216,WM,LR,0.537520,0.060920
106016,WM,LR,0.857327,0.091955
106521,WM,LR,0.605468,0.077596
107321,WM,LR,0.786629,0.087607
107422,WM,LR,0.122704,0.067765
108121,WM,LR,0.731004,0.160274
108323,WM,LR,0.171272,0.046354
108525,WM,LR,0.900347,0.084532
108828,WM,LR,0.421106,0.079922
109123,WM,LR,0.226434,0.101283
109325,WM,LR,0.318708,0.141911
110411,WM,LR,0.257265,0.054895
111312,WM,LR,0.394988,0.082167
111413,WM,LR,0.313899,0.067706
111716,WM,LR,0.967795,0.086203
113215,WM,LR,0.181904,0.071970
113922,WM,LR,0.526909,0.074159
114419,WM,LR,0.656187,0.103488
114924,WM,LR,0.501176,0.166086
115320,WM,LR,0.178651,0.136853
116524,WM,LR,1.220350,0.230752
117122,WM,LR,0.482152,0.087835
117324,WM,LR,2.615250,0.093857
118528,WM,LR,0.318014,0.055831
118730,WM,LR,0.396137,0.106765
118932,WM,LR,0.214851,0.104648
119833,WM,LR,0.441027,0.118410
120212,WM,LR,1.042430,0.109503
120515,WM,LR,0.299565,0.114364
121618,WM,LR,0.257488,0.061460
122317,WM,LR,0.373302,0.050384
122620,WM,LR,0.312735,0.067167
123117,WM,LR,0.379467,0.151266
123420,WM,LR,0.681293,0.132156
123925,WM,LR,0.493292,0.099613
124220,WM,LR,1.306200,0.206695
125525,WM,LR,0.514124,0.077190
126325,WM,LR,1.121030,0.131078
126628,WM,LR,0.804345,0.114793
127630,WM,LR,0.186962,0.137114
127933,WM,LR,0.276457,0.052578
128127,WM,LR,0.241271,0.056706
128632,WM,LR,0.534547,0.068928
129028,WM,LR,0.129785,0.073791
130013,WM,LR,0.446843,0.083348
130316,WM,LR,0.631474,0.113682
131217,WM,LR,0.483616,0.087430
131722,WM,LR,0.501129,0.097269
133019,WM,LR,0.444201,0.067043
133827,WM,LR,0.404582,0.060281
133928,WM,LR,0.160354,0.049282
134324,WM,LR,0.334013,0.074991
135225,WM,LR,0.463561,0.082224
135528,WM,LR,0.186803,0.076062
136227,WM,LR,0.130091,0.071039
136833,WM,LR,0.376741,0.100289
137027,WM,LR,0.391782,0.053926
138534,WM,LR,0.131696,0.072916
139233,WM,LR,0.857982,0.119249
139637,WM,LR,0.203894,0.083099
140925,WM,LR,0.210414,0.159901
144832,WM,LR,0.930483,0.105787
146432,WM,LR,0.231963,0.080043
147030,WM,LR,0.445043,0.217989
147737,WM,LR,0.605630,0.092697
148335,WM,LR,0.384311,0.134506
148840,WM,LR,0.211643,0.063197
148941,WM,LR,1.095940,0.064183
149741,WM,LR,0.741638,0.119629
150423,WM,LR,0.262548,0.038552
150726,WM,LR,0.294573,0.081405
151223,WM,LR,0.478572,0.153252
151526,WM,LR,1.365300,0.101530
151627,WM,LR,0.482820,0.054464
151728,WM,LR,1.237820,0.171552
153833,WM,LR,0.619934,0.158463
154734,WM,LR,0.676318,0.058922
154835,WM,LR,1.062550,0.084805
154936,WM,LR,0.984453,0.078086
155231,WM,LR,0.648580,0.070927
156233,WM,LR,1.641830,0.305411
156637,WM,LR,0.613549,0.163859
157437,WM,LR,4.329460,0.100833
158136,WM,LR,0.214195,0.076919
159138,WM,LR,0.343669,0.096108
159239,WM,LR,0.197148,0.074146
159340,WM,LR,0.456652,0.151031
159441,WM,LR,0.923791,0.117418
160830,WM,LR,0.578533,0.082610
161630,WM,LR,0.236844,0.123500
162228,WM,LR,0.165736,0.059606
162733,WM,LR,0.449192,0.116847
163331,WM,LR,0.273727,0.187379
163432,WM,LR,0.281994,0.077619
164030,WM,LR,0.113535,0.049842
164131,WM,LR,1.569130,0.115659
164939,WM,LR,1.058860,0.098430
167036,WM,LR,1.011680,0.061633
167743,WM,LR,0.424497,0.125544
168139,WM,LR,0.389080,0.094230
168341,WM,LR,0.609630,0.061572
169444,WM,LR,0.227399,0.061687
170934,WM,LR,0.191274,0.092661
172029,WM,LR,0.511590,0.080524
172332,WM,LR,0.585448,0.088876
172534,WM,LR,0.405068,0.051592
172938,WM,LR,0.273196,0.110181
173435,WM,LR,0.216911,0.049036
173940,WM,LR,0.273990,0.055884
176542,WM,LR,0.641174,0.042637
177645,WM,LR,0.369196,0.058583
178142,WM,LR,0.376364,0.062846
178849,WM,LR,0.186414,0.079525
178950,WM,LR,0.266905,0.063115
180129,WM,LR,0.937962,0.174854
180432,WM,LR,0.621409,0.066383
181232,WM,LR,0.576998,0.071070
182739,WM,LR,0.229682,0.077073
185442,WM,LR,0.156513,0.059076
186141,WM,LR,0.705851,0.082823
187143,WM,LR,0.212663,0.094026
189349,WM,LR,0.180890,0.052106
189450,WM,LR,0.500570,0.090948
190031,WM,LR,0.191995,0.097956
191033,WM,LR,0.389796,0.070975
192540,WM,LR,0.767494,0.068163
195041,WM,LR,0.122167,0.084244
196750,WM,LR,0.291589,0.119438
197550,WM,LR,0.346014,0.113165
198451,WM,LR,0.737831,0.064584
198855,WM,LR,1.023470,0.074536
199655,WM,LR,0.246785,0.066114
199958,WM,LR,0.272302,0.081280
200614,WM,LR,0.215086,0.120241
201818,WM,LR,0.202382,0.059772
203418,WM,LR,0.338246,0.055774
204016,WM,LR,0.358890,0.085861
208226,WM,LR,0.642685,0.096054
210011,WM,LR,0.756354,0.042424
212217,WM,LR,1.310930,0.207645
212318,WM,LR,0.227150,0.159060
214423,WM,LR,0.224403,0.055607
231928,WM,LR,0.429876,0.103860
239944,WM,LR,0.317988,0.061695
245333,WM,LR,0.585754,0.079952
285446,WM,LR,0.405317,0.049672
290136,WM,LR,0.249667,0.070823
304020,WM,LR,0.273640,0.110681
308331,WM,LR,0.843771,0.087299
310621,WM,LR,1.159700,0.116384
316633,WM,LR,0.607851,0.048914
361941,WM,LR,1.485460,0.065216
397760,WM,LR,0.319124,0.116868
414229,WM,LR,0.131528,0.063931
465852,WM,LR,0.351603,0.152681
480141,WM,LR,0.183008,0.057833
486759,WM,LR,0.115763,0.082394
547046,WM,LR,0.345898,0.053648
552544,WM,LR,0.466097,0.052036
592455,WM,LR,0.388720,0.127729
622236,WM,LR,0.218193,0.070319
679568,WM,LR,0.493345,0.046164
715041,WM,LR,0.578794,0.075852
749361,WM,LR,0.379025,0.067853
753251,WM,LR,0.503935,0.100419
771354,WM,LR,0.178708,0.098460
782561,WM,LR,0.578856,0.066187
837560,WM,LR,0.162116,0.044611
845458,WM,LR,0.339588,0.081500
849971,WM,LR,0.153731,0.059654
871964,WM,LR,0.390735,0.056080
100307,GAMBLING,LR,0.113859,0.060984
100408,GAMBLING,LR,0.543360,0.109229
101006,GAMBLING,LR,0.176763,0.093893
101107,GAMBLING,LR,0.130050,0.058747
101309,GAMBLING,LR,0.568397,0.050826
101410,GAMBLING,LR,0.239582,0.105058
101915,GAMBLING,LR,0.401152,0.069736
102008,GAMBLING,LR,0.590843,0.117242
102311,GAMBLING,LR,0.604432,0.062394
102816,GAMBLING,LR,0.214829,0.099888
103111,GAMBLING,LR,0.248849,0.098638
103515,GAMBLING,LR,0.134864,0.114207
103818,GAMBLING,LR,0.220346,0.100764
105014,GAMBLING,LR,0.302231,0.066579
105115,GAMBLING,LR,0.141338,0.052768
105216,GAMBLING,LR,0.126661,0.065090
106016,GAMBLING,LR,0.261097,0.085873
106521,GAMBLING,LR,1.194090,0.074315
107321,GAMBLING,LR,0.266762,0.067618
107422,GAMBLING,LR,0.142668,0.061175
108121,GAMBLING,LR,0.354676,0.160456
108323,GAMBLING,LR,0.117487,0.055255
108525,GAMBLING,LR,0.135398,0.068438
108828,GAMBLING,LR,0.139601,0.072265
109123,GAMBLING,LR,0.171114,0.132247
109325,GAMBLING,LR,0.284863,0.131643
110411,GAMBLING,LR,0.150059,0.048936
111312,GAMBLING,LR,0.379283,0.080505
111413,GAMBLING,LR,0.505746,0.064353
111716,GAMBLING,LR,1.883240,0.077368
113215,GAMBLING,LR,0.242644,0.084506
113922,GAMBLING,LR,0.219199,0.078820
114419,GAMBLING,LR,0.310709,0.080074
114924,GAMBLING,LR,0.209867,0.110956
115320,GAMBLING,LR,0.235869,0.100126
116524,GAMBLING,LR,0.331576,0.139259
117122,GAMBLING,LR,0.122893,0.081284
117324,GAMBLING,LR,0.582509,0.060943
118528,GAMBLING,LR,0.104785,0.062714
118730,GAMBLING,LR,0.191326,0.108575
118932,GAMBLING,LR,0.330211,0.097809
119833,GAMBLING,LR,0.310674,0.121911
120212,GAMBLING,LR,0.653047,0.111879
120515,GAMBLING,LR,0.178476,0.119990
121618,GAMBLING,LR,0.093412,0.062253
122317,GAMBLING,LR,0.191930,0.049003
122620,GAMBLING,LR,0.316892,0.062595
123117,GAMBLING,LR,0.509412,0.135027
123420,GAMBLING,LR,0.350080,0.129617
123925,GAMBLING,LR,0.799221,0.097154
124220,GAMBLING,LR,1.223540,0.203943
125525,GAMBLING,LR,0.119086,0.080719
126325,GAMBLING,LR,0.548751,0.118380
126628,GAMBLING,LR,1.042000,0.122814
127630,GAMBLING,LR,0.546872,0.122263
127933,GAMBLING,LR,0.275920,0.061052
128127,GAMBLING,LR,0.335848,0.053612
128632,GAMBLING,LR,0.167205,0.067059
129028,GAMBLING,LR,0.116889,0.068702
130013,GAMBLING,LR,0.182225,0.080205
130316,GAMBLING,LR,0.495221,0.109317
131217,GAMBLING,LR,0.381923,0.084826
131722,GAMBLING,LR,0.201162,0.115529
133019,GAMBLING,LR,0.385978,0.058639
133827,GAMBLING,LR,0.549542,0.064266
133928,GAMBLING,LR,2.012250,0.071211
134324,GAMBLING,LR,0.187056,0.078588
135225,GAMBLING,LR,0.396359,0.077925
135528,GAMBLING,LR,0.229782,0.060398
136227,GAMBLING,LR,0.145608,0.070951
136833,GAMBLING,LR,0.245925,0.101736
137027,GAMBLING,LR,0.144779,0.062369
138534,GAMBLING,LR,0.154239,0.076714
139233,GAMBLING,LR,0.190013,0.112370
139637,GAMBLING,LR,0.207070,0.091183
140925,GAMBLING,LR,0.163238,0.142351
144832,GAMBLING,LR,0.166275,0.096904
146432,GAMBLING,LR,0.116707,0.077138
147030,GAMBLING,LR,0.328810,0.243316
147737,GAMBLING,LR,0.380689,0.090545
148335,GAMBLING,LR,0.248250,0.127646
148840,GAMBLING,LR,0.145629,0.085372
148941,GAMBLING,LR,0.801044,0.060646
149741,GAMBLING,LR,2.517820,0.127827
150423,GAMBLING,LR,0.115341,0.056517
150726,GAMBLING,LR,0.255796,0.088057
151223,GAMBLING,LR,0.489536,0.147411
151526,GAMBLING,LR,0.237084,0.083833
151627,GAMBLING,LR,0.138475,0.064875
151728,GAMBLING,LR,0.223406,0.153720
153833,GAMBLING,LR,0.377880,0.162107
154734,GAMBLING,LR,0.258775,0.066264
154835,GAMBLING,LR,0.176053,0.116923
154936,GAMBLING,LR,0.667519,0.106675
155231,GAMBLING,LR,0.237928,0.070251
156233,GAMBLING,LR,5.424540,0.204133
156637,GAMBLING,LR,0.666083,0.168973
157437,GAMBLING,LR,0.606547,0.115882
158136,GAMBLING,LR,0.185519,0.096501
159138,GAMBLING,LR,0.327001,0.089530
159239,GAMBLING,LR,0.121487,0.074011
159340,GAMBLING,LR,0.355527,0.117956
159441,GAMBLING,LR,0.366798,0.076658
160830,GAMBLING,LR,0.996587,0.075394
161630,GAMBLING,LR,0.150795,0.130437
162228,GAMBLING,LR,0.100168,0.062663
162733,GAMBLING,LR,0.257500,0.105662
163331,GAMBLING,LR,0.241543,0.189232
163432,GAMBLING,LR,0.127506,0.063431
164030,GAMBLING,LR,0.081138,0.055736
164131,GAMBLING,LR,2.004770,0.142652
164939,GAMBLING,LR,0.545811,0.116416
167036,GAMBLING,LR,0.453512,0.060128
167743,GAMBLING,LR,0.329800,0.117799
168139,GAMBLING,LR,0.189873,0.089075
168341,GAMBLING,LR,0.371705,0.079557
169444,GAMBLING,LR,0.116286,0.057128
170934,GAMBLING,LR,0.211451,0.102030
172029,GAMBLING,LR,0.616775,0.078198
172332,GAMBLING,LR,0.423900,0.078708
172534,GAMBLING,LR,0.750549,0.066569
172938,GAMBLING,LR,0.192733,0.112491
173435,GAMBLING,LR,0.137532,0.052340
173940,GAMBLING,LR,0.171017,0.055921
176542,GAMBLING,LR,0.151091,0.045209
177645,GAMBLING,LR,0.159450,0.043282
178142,GAMBLING,LR,0.297663,0.056757
178849,GAMBLING,LR,0.261079,0.081348
178950,GAMBLING,LR,0.171634,0.063122
180129,GAMBLING,LR,0.527035,0.124684
180432,GAMBLING,LR,0.276826,0.063657
181232,GAMBLING,LR,0.509128,0.057651
182739,GAMBLING,LR,0.292020,0.074503
185442,GAMBLING,LR,0.167221,0.055594
186141,GAMBLING,LR,0.139444,0.091652
187143,GAMBLING,LR,0.129837,0.097188
189349,GAMBLING,LR,0.293551,0.040495
189450,GAMBLING,LR,0.459427,0.076938
190031,GAMBLING,LR,0.261687,0.119922
191033,GAMBLING,LR,0.241333,0.062069
192540,GAMBLING,LR,0.596303,0.060987
195041,GAMBLING,LR,0.081963,0.088325
196750,GAMBLING,LR,0.357662,0.099613
197550,GAMBLING,LR,0.225848,0.126730
198451,GAMBLING,LR,0.425808,0.065804
198855,GAMBLING,LR,0.248149,0.060130
199655,GAMBLING,LR,0.072208,0.064543
199958,GAMBLING,LR,0.354574,0.088387
200614,GAMBLING,LR,0.206032,0.107203
201818,GAMBLING,LR,0.094804,0.050031
203418,GAMBLING,LR,0.333196,0.074112
204016,GAMBLING,LR,0.611385,0.119317
208226,GAMBLING,LR,0.683010,0.099561
210011,GAMBLING,LR,0.117441,0.045813
212217,GAMBLING,LR,0.308012,0.135873
212318,GAMBLING,LR,0.269312,0.139705
214423,GAMBLING,LR,0.116683,0.062168
231928,GAMBLING,LR,0.354285,0.098822
239944,GAMBLING,LR,0.241189,0.064535
245333,GAMBLING,LR,0.170943,0.054316
285446,GAMBLING,LR,0.156268,0.053688
290136,GAMBLING,LR,0.163409,0.060946
304020,GAMBLING,LR,0.123377,0.087476
308331,GAMBLING,LR,0.658650,0.099108
310621,GAMBLING,LR,0.167633,0.074070
316633,GAMBLING,LR,0.739540,0.049205
361941,GAMBLING,LR,0.541647,0.082559
397760,GAMBLING,LR,0.190630,0.131618
414229,GAMBLING,LR,0.117466,0.052875
465852,GAMBLING,LR,0.292732,0.139942
480141,GAMBLING,LR,0.204648,0.071227
486759,GAMBLING,LR,0.204410,0.067331
547046,GAMBLING,LR,0.241633,0.054916
552544,GAMBLING,LR,0.299413,0.037539
592455,GAMBLING,LR,0.460350,0.120507
622236,GAMBLING,LR,0.338852,0.060323
679568,GAMBLING,LR,0.217526,0.047392
715041,GAMBLING,LR,0.241341,0.105809
749361,GAMBLING,LR,0.165228,0.049968
753251,GAMBLING,LR,1.067690,0.096557
771354,GAMBLING,LR,0.169457,0.081346
782561,GAMBLING,LR,0.188386,0.078065
837560,GAMBLING,LR,0.103675,0.042802
845458,GAMBLING,LR,0.699954,0.078607
849971,GAMBLING,LR,0.145196,0.060485
871964,GAMBLING,LR,0.355026,0.054745
100307,EMOTION,LR,0.107754,0.055115
100408,EMOTION,LR,0.157015,0.112409
101006,EMOTION,LR,0.401193,0.067245
101107,EMOTION,LR,0.261992,0.067665
101309,EMOTION,LR,1.107670,0.055500
101410,EMOTION,LR,0.179887,0.097945
101915,EMOTION,LR,0.193138,0.077168
102008,EMOTION,LR,0.254613,0.138655
102311,EMOTION,LR,1.076200,0.065435
102816,EMOTION,LR,0.329038,0.114537
103111,EMOTION,LR,0.216280,0.098615
103515,EMOTION,LR,0.959101,0.126602
103818,EMOTION,LR,0.327432,0.096978
105014,EMOTION,LR,0.085731,0.067038
105115,EMOTION,LR,0.248094,0.065613
105216,EMOTION,LR,0.367081,0.051248
106016,EMOTION,LR,0.129902,0.077343
106521,EMOTION,LR,0.335178,0.077352
107321,EMOTION,LR,0.195332,0.044372
107422,EMOTION,LR,0.072696,0.057262
108121,EMOTION,LR,0.261874,0.181680
108323,EMOTION,LR,0.415968,0.060346
108525,EMOTION,LR,1.251680,0.098532
108828,EMOTION,LR,0.382589,0.092918
109123,EMOTION,LR,0.211269,0.086117
109325,EMOTION,LR,0.479413,0.132379
110411,EMOTION,LR,0.106373,0.060446
111312,EMOTION,LR,0.271204,0.069610
111413,EMOTION,LR,0.356243,0.078014
111716,EMOTION,LR,0.167262,0.086571
113215,EMOTION,LR,0.167078,0.054379
113922,EMOTION,LR,0.104551,0.071257
114419,EMOTION,LR,0.249320,0.100001
114924,EMOTION,LR,0.195126,0.190722
115320,EMOTION,LR,0.185202,0.109045
116524,EMOTION,LR,2.002270,0.152686
117122,EMOTION,LR,0.150086,0.073926
117324,EMOTION,LR,0.835820,0.080911
118528,EMOTION,LR,0.150827,0.083543
118730,EMOTION,LR,0.234232,0.092738
118932,EMOTION,LR,0.303645,0.075435
119833,EMOTION,LR,0.633508,0.090729
120212,EMOTION,LR,0.204626,0.119880
120515,EMOTION,LR,0.120473,0.077453
121618,EMOTION,LR,0.187551,0.066839
122317,EMOTION,LR,0.228233,0.067963
122620,EMOTION,LR,0.262992,0.052838
123117,EMOTION,LR,0.210715,0.133678
123420,EMOTION,LR,0.504022,0.125215
123925,EMOTION,LR,0.668020,0.106563
124220,EMOTION,LR,0.256417,0.195909
125525,EMOTION,LR,0.356745,0.076201
126325,EMOTION,LR,0.290527,0.099549
126628,EMOTION,LR,0.701845,0.136670
127630,EMOTION,LR,0.377166,0.152416
127933,EMOTION,LR,0.240748,0.049610
128127,EMOTION,LR,0.084517,0.044257
128632,EMOTION,LR,0.434793,0.087283
129028,EMOTION,LR,0.106873,0.047435
130013,EMOTION,LR,0.333244,0.079232
130316,EMOTION,LR,0.323854,0.123165
131217,EMOTION,LR,0.267423,0.065854
131722,EMOTION,LR,0.247435,0.088795
133019,EMOTION,LR,0.646450,0.072854
133827,EMOTION,LR,0.255810,0.121001
133928,EMOTION,LR,0.771315,0.070497
134324,EMOTION,LR,0.478880,0.110151
135225,EMOTION,LR,0.341368,0.049730
135528,EMOTION,LR,0.243555,0.073707
136227,EMOTION,LR,0.161631,0.062554
136833,EMOTION,LR,0.369364,0.079268
137027,EMOTION,LR,0.163776,0.049004
138534,EMOTION,LR,0.078631,0.048539
139233,EMOTION,LR,0.184980,0.116171
139637,EMOTION,LR,0.136962,0.079118
140925,EMOTION,LR,0.813375,0.182299
144832,EMOTION,LR,0.848390,0.062993
146432,EMOTION,LR,0.223654,0.074802
147030,EMOTION,LR,0.222178,0.213877
147737,EMOTION,LR,0.237074,0.095214
148335,EMOTION,LR,0.207316,0.131435
148840,EMOTION,LR,0.098929,0.076231
148941,EMOTION,LR,0.264818,0.062624
149741,EMOTION,LR,0.305228,0.101745
150423,EMOTION,LR,0.121129,0.060651
150726,EMOTION,LR,0.113103,0.088172
151223,EMOTION,LR,0.264308,0.104799
151526,EMOTION,LR,0.437285,0.114951
151627,EMOTION,LR,0.137272,0.064045
151728,EMOTION,LR,0.351071,0.164652
153833,EMOTION,LR,0.543982,0.141503
154734,EMOTION,LR,0.214716,0.076832
154835,EMOTION,LR,0.148658,0.105829
154936,EMOTION,LR,0.597182,0.099809
155231,EMOTION,LR,0.190236,0.082052
156233,EMOTION,LR,0.823727,0.192240
156637,EMOTION,LR,0.173202,0.190869
157437,EMOTION,LR,0.300257,0.057509
158136,EMOTION,LR,0.222839,0.093793
159138,EMOTION,LR,0.260219,0.079905
159239,EMOTION,LR,0.143965,0.073076
159340,EMOTION,LR,0.123984,0.143552
159441,EMOTION,LR,0.441979,0.108866
160830,EMOTION,LR,0.431416,0.075264
161630,EMOTION,LR,0.196367,0.122940
162228,EMOTION,LR,0.221940,0.057920
162733,EMOTION,LR,0.196953,0.123207
163331,EMOTION,LR,0.181050,0.183170
163432,EMOTION,LR,0.184712,0.098974
164030,EMOTION,LR,0.243531,0.044263
164131,EMOTION,LR,0.410701,0.111472
164939,EMOTION,LR,0.380930,0.128628
167036,EMOTION,LR,0.731715,0.059526
167743,EMOTION,LR,0.309261,0.160894
168139,EMOTION,LR,0.528389,0.079574
168341,EMOTION,LR,0.242932,0.051493
169444,EMOTION,LR,0.179443,0.058725
170934,EMOTION,LR,0.208969,0.094335
172029,EMOTION,LR,0.356681,0.071950
172332,EMOTION,LR,0.318634,0.076906
172534,EMOTION,LR,0.085958,0.068370
172938,EMOTION,LR,0.100772,0.097414
173435,EMOTION,LR,0.399695,0.039968
173940,EMOTION,LR,0.183809,0.055092
176542,EMOTION,LR,0.155027,0.053857
177645,EMOTION,LR,0.166404,0.054897
178142,EMOTION,LR,0.202880,0.070798
178849,EMOTION,LR,0.215642,0.076817
178950,EMOTION,LR,0.100995,0.068256
180129,EMOTION,LR,1.124620,0.121172
180432,EMOTION,LR,0.329541,0.056510
181232,EMOTION,LR,0.720426,0.054648
182739,EMOTION,LR,0.172050,0.068634
185442,EMOTION,LR,0.068836,0.058275
186141,EMOTION,LR,0.185155,0.133163
187143,EMOTION,LR,0.226371,0.092153
189349,EMOTION,LR,0.089328,0.051623
189450,EMOTION,LR,0.430621,0.078996
190031,EMOTION,LR,0.216717,0.082534
191033,EMOTION,LR,0.379622,0.061331
192540,EMOTION,LR,0.383299,0.072007
195041,EMOTION,LR,0.144789,0.111051
196750,EMOTION,LR,1.259610,0.160772
197550,EMOTION,LR,0.115470,0.103944
198451,EMOTION,LR,0.313532,0.071808
198855,EMOTION,LR,0.147993,0.049151
199655,EMOTION,LR,0.088822,0.061914
199958,EMOTION,LR,0.130365,0.086766
200614,EMOTION,LR,0.355775,0.101857
201818,EMOTION,LR,0.050056,0.050704
203418,EMOTION,LR,0.164981,0.096688
204016,EMOTION,LR,0.410386,0.091740
208226,EMOTION,LR,0.249719,0.073769
210011,EMOTION,LR,0.186823,0.033086
212217,EMOTION,LR,0.169659,0.120454
212318,EMOTION,LR,0.250776,0.125615
214423,EMOTION,LR,0.321293,0.082135
231928,EMOTION,LR,0.218148,0.071351
239944,EMOTION,LR,0.177252,0.041852
245333,EMOTION,LR,0.385249,0.058251
285446,EMOTION,LR,0.246489,0.053265
290136,EMOTION,LR,0.221815,0.104463
304020,EMOTION,LR,0.281994,0.108843
308331,EMOTION,LR,3.376950,0.128339
310621,EMOTION,LR,0.129037,0.070762
316633,EMOTION,LR,0.331423,0.058461
361941,EMOTION,LR,0.203556,0.074130
397760,EMOTION,LR,0.129760,0.102013
414229,EMOTION,LR,0.074208,0.060585
465852,EMOTION,LR,0.731386,0.091687
480141,EMOTION,LR,0.112996,0.083688
486759,EMOTION,LR,0.100945,0.078580
547046,EMOTION,LR,0.103440,0.073635
552544,EMOTION,LR,0.109949,0.056003
592455,EMOTION,LR,0.214515,0.144391
622236,EMOTION,LR,0.134267,0.064865
679568,EMOTION,LR,0.200935,0.081292
715041,EMOTION,LR,0.250194,0.061736
749361,EMOTION,LR,0.150392,0.085255
753251,EMOTION,LR,0.657788,0.092829
771354,EMOTION,LR,0.404303,0.072348
782561,EMOTION,LR,0.151574,0.064019
837560,EMOTION,LR,0.070637,0.046663
845458,EMOTION,LR,0.165732,0.088212
849971,EMOTION,LR,0.169151,0.069823
871964,EMOTION,LR,0.331803,0.064140
100307,SOCIAL,RL,0.329401,0.063866
100408,SOCIAL,RL,0.254962,0.091231
101006,SOCIAL,RL,0.372105,0.069207
101107,SOCIAL,RL,0.387516,0.101547
101309,SOCIAL,RL,0.259785,0.047482
101410,SOCIAL,RL,0.222863,0.081655
101915,SOCIAL,RL,0.568161,0.070233
102008,SOCIAL,RL,0.203479,0.133573
102311,SOCIAL,RL,0.636207,0.073913
102816,SOCIAL,RL,0.274197,0.120349
103111,SOCIAL,RL,0.366186,0.100062
103515,SOCIAL,RL,0.245269,0.115868
103818,SOCIAL,RL,0.251918,0.098490
105014,SOCIAL,RL,0.158862,0.068742
105115,SOCIAL,RL,0.229769,0.059500
105216,SOCIAL,RL,0.321650,0.056685
106016,SOCIAL,RL,0.674961,0.071726
106521,SOCIAL,RL,0.322782,0.056868
107321,SOCIAL,RL,0.099964,0.049031
107422,SOCIAL,RL,0.132480,0.058422
108121,SOCIAL,RL,0.418937,0.166186
108323,SOCIAL,RL,0.382967,0.062611
108525,SOCIAL,RL,0.493571,0.085510
108828,SOCIAL,RL,0.258152,0.087825
109123,SOCIAL,RL,0.281853,0.095417
109325,SOCIAL,RL,0.308147,0.102936
110411,SOCIAL,RL,0.273583,0.053987
111312,SOCIAL,RL,0.638613,0.069209
111413,SOCIAL,RL,0.670432,0.090077
111716,SOCIAL,RL,0.518310,0.082709
113215,SOCIAL,RL,0.114698,0.056917
113922,SOCIAL,RL,0.200672,0.063869
114419,SOCIAL,RL,0.640921,0.104509
114924,SOCIAL,RL,0.542712,0.204574
115320,SOCIAL,RL,0.148851,0.126507
116524,SOCIAL,RL,0.869265,0.135173
117122,SOCIAL,RL,0.369710,0.071197
117324,SOCIAL,RL,0.224011,0.043750
118528,SOCIAL,RL,0.139322,0.060293
118730,SOCIAL,RL,0.259442,0.083085
118932,SOCIAL,RL,0.416262,0.074605
119833,SOCIAL,RL,0.239062,0.105301
120212,SOCIAL,RL,0.360697,0.106440
120515,SOCIAL,RL,0.155079,0.105764
121618,SOCIAL,RL,0.360184,0.054422
122317,SOCIAL,RL,0.188067,0.056343
122620,SOCIAL,RL,0.306176,0.053004
123117,SOCIAL,RL,0.215010,0.126059
123420,SOCIAL,RL,0.701763,0.095043
123925,SOCIAL,RL,0.572679,0.087537
124220,SOCIAL,RL,0.312473,0.194796
125525,SOCIAL,RL,0.306224,0.091788
126325,SOCIAL,RL,0.617455,0.088096
126628,SOCIAL,RL,0.306437,0.102016
127630,SOCIAL,RL,0.654912,0.094331
127933,SOCIAL,RL,0.094743,0.050841
128127,SOCIAL,RL,0.116167,0.049247
128632,SOCIAL,RL,0.204754,0.078826
129028,SOCIAL,RL,0.070716,0.052747
130013,SOCIAL,RL,0.258657,0.095905
130316,SOCIAL,RL,0.786362,0.118747
131217,SOCIAL,RL,0.262130,0.076918
131722,SOCIAL,RL,0.568835,0.068184
133019,SOCIAL,RL,0.297380,0.060278
133827,SOCIAL,RL,0.268441,0.087641
133928,SOCIAL,RL,0.273787,0.056688
134324,SOCIAL,RL,0.834144,0.074409
135225,SOCIAL,RL,0.372670,0.076289
135528,SOCIAL,RL,0.247241,0.086700
136227,SOCIAL,RL,0.128333,0.069094
136833,SOCIAL,RL,0.360415,0.083114
137027,SOCIAL,RL,0.085498,0.064856
138534,SOCIAL,RL,0.168841,0.068675
139233,SOCIAL,RL,0.191230,0.118761
139637,SOCIAL,RL,0.125967,0.054382
140925,SOCIAL,RL,0.575169,0.169767
144832,SOCIAL,RL,0.321504,0.074482
146432,SOCIAL,RL,0.115928,0.099876
147030,SOCIAL,RL,0.493924,0.242183
147737,SOCIAL,RL,0.163560,0.095722
148335,SOCIAL,RL,0.339337,0.131371
148840,SOCIAL,RL,0.440016,0.058576
148941,SOCIAL,RL,0.353998,0.051150
149741,SOCIAL,RL,0.399473,0.124801
150423,SOCIAL,RL,0.164569,0.053862
150726,SOCIAL,RL,0.139104,0.082752
151223,SOCIAL,RL,0.670739,0.103872
151526,SOCIAL,RL,0.538995,0.137599
151627,SOCIAL,RL,0.222344,0.064542
151728,SOCIAL,RL,0.511950,0.192350
153833,SOCIAL,RL,0.492821,0.152487
154734,SOCIAL,RL,0.193033,0.052174
154835,SOCIAL,RL,0.402874,0.076144
154936,SOCIAL,RL,0.849665,0.093019
155231,SOCIAL,RL,0.320357,0.051142
156233,SOCIAL,RL,1.005870,0.098589
156637,SOCIAL,RL,0.588858,0.171690
157437,SOCIAL,RL,0.671216,0.074533
158136,SOCIAL,RL,0.273522,0.084964
159138,SOCIAL,RL,0.217733,0.076371
159239,SOCIAL,RL,0.207996,0.073819
159340,SOCIAL,RL,0.193128,0.113957
159441,SOCIAL,RL,0.524285,0.096768
160830,SOCIAL,RL,1.347940,0.105433
161630,SOCIAL,RL,0.175496,0.096328
162228,SOCIAL,RL,0.286482,0.064990
162733,SOCIAL,RL,0.248605,0.130249
163331,SOCIAL,RL,0.508344,0.166509
163432,SOCIAL,RL,0.314004,0.088794
164030,SOCIAL,RL,0.167637,0.041475
164131,SOCIAL,RL,0.329412,0.100122
164939,SOCIAL,RL,0.987610,0.092625
167036,SOCIAL,RL,1.045100,0.060191
167743,SOCIAL,RL,0.439418,0.156527
168139,SOCIAL,RL,0.300640,0.092971
168341,SOCIAL,RL,0.716739,0.085401
169444,SOCIAL,RL,0.254381,0.057878
170934,SOCIAL,RL,0.600010,0.061450
172029,SOCIAL,RL,0.462578,0.110829
172332,SOCIAL,RL,0.547236,0.082118
172534,SOCIAL,RL,0.170034,0.055161
172938,SOCIAL,RL,0.445851,0.093783
173435,SOCIAL,RL,0.207653,0.044596
173940,SOCIAL,RL,0.153710,0.054156
176542,SOCIAL,RL,0.246826,0.039758
177645,SOCIAL,RL,0.228260,0.055375
178142,SOCIAL,RL,0.116044,0.054299
178849,SOCIAL,RL,0.185076,0.042675
178950,SOCIAL,RL,0.156242,0.051960
180129,SOCIAL,RL,0.875039,0.122488
180432,SOCIAL,RL,0.345662,0.056599
181232,SOCIAL,RL,0.249018,0.056199
182739,SOCIAL,RL,0.391620,0.072250
185442,SOCIAL,RL,0.129092,0.054638
186141,SOCIAL,RL,0.343361,0.100096
187143,SOCIAL,RL,0.182768,0.090377
189349,SOCIAL,RL,0.145368,0.046476
189450,SOCIAL,RL,0.649068,0.104303
190031,SOCIAL,RL,0.125900,0.073512
191033,SOCIAL,RL,0.184731,0.060234
192540,SOCIAL,RL,0.473548,0.054131
195041,SOCIAL,RL,0.135656,0.084698
196750,SOCIAL,RL,0.487508,0.107733
197550,SOCIAL,RL,0.108040,0.127421
198451,SOCIAL,RL,0.408411,0.061930
198855,SOCIAL,RL,1.706040,0.057538
199655,SOCIAL,RL,0.234062,0.054738
199958,SOCIAL,RL,0.185004,0.096845
200614,SOCIAL,RL,0.156017,0.108634
201818,SOCIAL,RL,0.304860,0.056728
203418,SOCIAL,RL,0.228015,0.051923
204016,SOCIAL,RL,0.337340,0.106612
208226,SOCIAL,RL,0.616390,0.070386
210011,SOCIAL,RL,0.475405,0.041292
212217,SOCIAL,RL,1.160030,0.177112
212318,SOCIAL,RL,0.184259,0.131202
214423,SOCIAL,RL,0.138706,0.073539
231928,SOCIAL,RL,0.950193,0.078679
239944,SOCIAL,RL,0.770507,0.060043
245333,SOCIAL,RL,0.906742,0.061319
285446,SOCIAL,RL,0.300830,0.053915
290136,SOCIAL,RL,0.315414,0.110524
304020,SOCIAL,RL,0.273621,0.103572
308331,SOCIAL,RL,0.465520,0.109860
310621,SOCIAL,RL,0.117690,0.074532
316633,SOCIAL,RL,0.468615,0.059222
361941,SOCIAL,RL,0.764257,0.059437
397760,SOCIAL,RL,0.224465,0.092278
414229,SOCIAL,RL,0.076712,0.060959
465852,SOCIAL,RL,0.448949,0.128353
480141,SOCIAL,RL,0.129551,0.062102
486759,SOCIAL,RL,0.128140,0.054341
547046,SOCIAL,RL,0.854891,0.055612
552544,SOCIAL,RL,0.150981,0.058481
592455,SOCIAL,RL,0.449567,0.164212
622236,SOCIAL,RL,0.215472,0.061661
679568,SOCIAL,RL,0.315085,0.041341
715041,SOCIAL,RL,0.177094,0.083560
749361,SOCIAL,RL,0.409627,0.122006
753251,SOCIAL,RL,1.289390,0.111288
771354,SOCIAL,RL,0.156645,0.073129
782561,SOCIAL,RL,0.162274,0.046389
837560,SOCIAL,RL,0.070016,0.043987
845458,SOCIAL,RL,0.177945,0.092609
849971,SOCIAL,RL,0.178603,0.082713
871964,SOCIAL,RL,0.229319,0.087003
100307,WM,RL,0.168727,0.063250
100408,WM,RL,0.709705,0.104079
101006,WM,RL,0.296912,0.074554
101107,WM,RL,6.116060,0.084724
101309,WM,RL,0.570875,0.047655
101410,WM,RL,1.222030,0.102882
101915,WM,RL,0.465374,0.072092
102008,WM,RL,0.412650,0.068094
102311,WM,RL,0.822216,0.072702
102816,WM,RL,1.539200,0.088375
103111,WM,RL,0.571465,0.090526
103515,WM,RL,1.637210,0.133509
103818,WM,RL,0.417197,0.085841
105014,WM,RL,0.337101,0.075052
105115,WM,RL,0.349534,0.074227
105216,WM,RL,0.759047,0.067958
106016,WM,RL,0.934569,0.114883
106521,WM,RL,0.608531,0.078186
107321,WM,RL,0.555119,0.091094
107422,WM,RL,0.171442,0.068253
108121,WM,RL,0.527456,0.174948
108323,WM,RL,0.437815,0.045154
108525,WM,RL,0.242573,0.062176
108828,WM,RL,1.045570,0.068309
109123,WM,RL,0.591004,0.096240
109325,WM,RL,0.203136,0.130197
110411,WM,RL,0.568303,0.049407
111312,WM,RL,0.380765,0.078548
111413,WM,RL,0.368620,0.073971
111716,WM,RL,1.577960,0.090146
113215,WM,RL,0.335847,0.061576
113922,WM,RL,0.720433,0.078435
114419,WM,RL,0.340629,0.084239
114924,WM,RL,1.250150,0.130806
115320,WM,RL,0.304503,0.102034
116524,WM,RL,0.350743,0.111870
117122,WM,RL,0.427814,0.081108
117324,WM,RL,0.414569,0.062434
118528,WM,RL,0.197807,0.068282
118730,WM,RL,0.573711,0.102779
118932,WM,RL,0.572749,0.106651
119833,WM,RL,0.552958,0.132540
120212,WM,RL,0.946662,0.101309
120515,WM,RL,0.220401,0.105236
121618,WM,RL,0.449851,0.055824
122317,WM,RL,0.400089,0.052500
122620,WM,RL,0.292334,0.056352
123117,WM,RL,0.530293,0.160310
123420,WM,RL,0.552011,0.127338
123925,WM,RL,2.053020,0.107383
124220,WM,RL,0.849357,0.204640
125525,WM,RL,0.618417,0.084063
126325,WM,RL,0.841523,0.123247
126628,WM,RL,0.221396,0.105615
127630,WM,RL,0.194954,0.097331
127933,WM,RL,0.348000,0.051071
128127,WM,RL,0.932997,0.071182
128632,WM,RL,0.544714,0.066240
129028,WM,RL,0.190141,0.071760
130013,WM,RL,0.321709,0.091641
130316,WM,RL,0.435487,0.110637
131217,WM,RL,0.856187,0.074073
131722,WM,RL,0.897923,0.097180
133019,WM,RL,0.145027,0.098213
133827,WM,RL,0.311440,0.064209
133928,WM,RL,0.330796,0.054625
134324,WM,RL,1.332650,0.089963
135225,WM,RL,0.622696,0.075647
135528,WM,RL,0.317686,0.067946
136227,WM,RL,0.299422,0.058140
136833,WM,RL,0.306450,0.099606
137027,WM,RL,0.776831,0.053391
138534,WM,RL,0.257349,0.079538
139233,WM,RL,0.403446,0.127807
139637,WM,RL,0.857291,0.060396
140925,WM,RL,0.299021,0.147560
144832,WM,RL,0.914142,0.097140
146432,WM,RL,0.197409,0.095196
147030,WM,RL,0.491757,0.249038
147737,WM,RL,0.195609,0.080661
148335,WM,RL,0.904469,0.182662
148840,WM,RL,0.414478,0.053813
148941,WM,RL,0.536934,0.052214
149741,WM,RL,1.103340,0.116877
150423,WM,RL,0.354235,0.049375
150726,WM,RL,0.175580,0.090428
151223,WM,RL,0.350092,0.154426
151526,WM,RL,1.362110,0.136510
151627,WM,RL,0.548934,0.075128
151728,WM,RL,1.404670,0.286802
153833,WM,RL,0.633205,0.177125
154734,WM,RL,0.475720,0.059362
154835,WM,RL,0.784972,0.084504
154936,WM,RL,0.357277,0.092415
155231,WM,RL,0.279762,0.064902
156233,WM,RL,1.799250,0.127380
156637,WM,RL,0.698170,0.131096
157437,WM,RL,0.784194,0.094463
158136,WM,RL,0.353614,0.096293
159138,WM,RL,0.325810,0.118204
159239,WM,RL,0.194951,0.077244
159340,WM,RL,0.195644,0.138309
159441,WM,RL,1.209250,0.124745
160830,WM,RL,1.587490,0.108643
161630,WM,RL,0.341569,0.116698
162228,WM,RL,0.245623,0.065612
162733,WM,RL,0.428189,0.135092
163331,WM,RL,0.215874,0.172607
163432,WM,RL,0.460722,0.077520
164030,WM,RL,0.246815,0.042322
164131,WM,RL,0.887450,0.106217
164939,WM,RL,2.060940,0.118379
167036,WM,RL,0.546621,0.058983
167743,WM,RL,0.918572,0.119274
168139,WM,RL,0.313212,0.093903
168341,WM,RL,0.382246,0.060877
169444,WM,RL,0.302437,0.079695
170934,WM,RL,0.225689,0.082409
172029,WM,RL,0.260251,0.071972
172332,WM,RL,0.383503,0.088730
172534,WM,RL,0.524907,0.048792
172938,WM,RL,0.525424,0.105813
173435,WM,RL,0.260816,0.056284
173940,WM,RL,1.089400,0.072499
176542,WM,RL,0.354561,0.043575
177645,WM,RL,0.588899,0.055748
178142,WM,RL,0.288874,0.063165
178849,WM,RL,0.417893,0.065483
178950,WM,RL,0.190391,0.081487
180129,WM,RL,1.422240,0.154631
180432,WM,RL,0.644429,0.067041
181232,WM,RL,1.376150,0.103602
182739,WM,RL,0.649687,0.087997
185442,WM,RL,0.072413,0.065217
186141,WM,RL,0.351931,0.075434
187143,WM,RL,0.126720,0.091383
189349,WM,RL,0.491759,0.046165
189450,WM,RL,0.426361,0.081802
190031,WM,RL,0.245908,0.079525
191033,WM,RL,0.342740,0.069524
192540,WM,RL,0.307358,0.064140
195041,WM,RL,0.115222,0.085791
196750,WM,RL,0.783434,0.105740
197550,WM,RL,0.575062,0.084748
198451,WM,RL,1.776190,0.066652
198855,WM,RL,3.551860,0.121931
199655,WM,RL,0.296793,0.066236
199958,WM,RL,1.472160,0.075761
200614,WM,RL,0.216982,0.118470
201818,WM,RL,0.188426,0.049328
203418,WM,RL,0.316024,0.078311
204016,WM,RL,0.952083,0.104753
208226,WM,RL,0.604996,0.087865
210011,WM,RL,0.746519,0.040090
212217,WM,RL,1.666630,0.178792
212318,WM,RL,0.372755,0.128203
214423,WM,RL,0.320258,0.050585
231928,WM,RL,1.083510,0.106045
239944,WM,RL,0.716465,0.054967
245333,WM,RL,0.429429,0.073089
285446,WM,RL,0.298178,0.053401
290136,WM,RL,0.425576,0.066798
304020,WM,RL,0.398176,0.129798
308331,WM,RL,0.536771,0.079774
310621,WM,RL,0.389607,0.112855
316633,WM,RL,0.495961,0.052348
361941,WM,RL,0.625093,0.055177
397760,WM,RL,0.353612,0.101595
414229,WM,RL,0.291099,0.059293
465852,WM,RL,0.895393,0.131914
480141,WM,RL,0.389186,0.051778
486759,WM,RL,0.234821,0.079262
547046,WM,RL,0.496325,0.067579
552544,WM,RL,0.668289,0.037714
592455,WM,RL,0.539012,0.129791
622236,WM,RL,0.345583,0.076896
679568,WM,RL,0.689084,0.040215
715041,WM,RL,0.485975,0.072965
749361,WM,RL,0.398863,0.051000
753251,WM,RL,0.890963,0.087418
771354,WM,RL,0.208607,0.063150
782561,WM,RL,0.389795,0.076342
837560,WM,RL,0.087856,0.046689
845458,WM,RL,0.338955,0.091456
849971,WM,RL,0.474130,0.059546
871964,WM,RL,0.417851,0.050208
100307,GAMBLING,RL,0.119724,0.059223
100408,GAMBLING,RL,1.031720,0.097887
101006,GAMBLING,RL,0.238464,0.072513
101107,GAMBLING,RL,0.188652,0.062417
101309,GAMBLING,RL,0.264259,0.050647
101410,GAMBLING,RL,0.229704,0.101879
101915,GAMBLING,RL,0.300416,0.065772
102008,GAMBLING,RL,0.235328,0.089141
102311,GAMBLING,RL,0.415825,0.059101
102816,GAMBLING,RL,0.351399,0.089756
103111,GAMBLING,RL,0.359174,0.087021
103515,GAMBLING,RL,0.256812,0.132389
103818,GAMBLING,RL,0.201638,0.082061
105014,GAMBLING,RL,0.225398,0.086115
105115,GAMBLING,RL,0.164044,0.063211
105216,GAMBLING,RL,0.298540,0.056784
106016,GAMBLING,RL,0.340366,0.102161
106521,GAMBLING,RL,0.449258,0.071878
107321,GAMBLING,RL,0.866120,0.077757
107422,GAMBLING,RL,0.170947,0.068394
108121,GAMBLING,RL,0.522729,0.185442
108323,GAMBLING,RL,0.409928,0.043001
108525,GAMBLING,RL,0.588069,0.074691
108828,GAMBLING,RL,0.193621,0.092291
109123,GAMBLING,RL,0.153737,0.104265
109325,GAMBLING,RL,0.216342,0.120699
110411,GAMBLING,RL,0.335280,0.042152
111312,GAMBLING,RL,0.327764,0.077325
111413,GAMBLING,RL,0.348923,0.081519
111716,GAMBLING,RL,2.203670,0.085152
113215,GAMBLING,RL,0.121460,0.063912
113922,GAMBLING,RL,0.346579,0.071278
114419,GAMBLING,RL,0.275925,0.073651
114924,GAMBLING,RL,0.249500,0.109920
115320,GAMBLING,RL,0.183455,0.118909
116524,GAMBLING,RL,0.338439,0.122793
117122,GAMBLING,RL,0.259646,0.081355
117324,GAMBLING,RL,0.671461,0.076940
118528,GAMBLING,RL,0.093294,0.054236
118730,GAMBLING,RL,0.155430,0.112158
118932,GAMBLING,RL,0.269674,0.090457
119833,GAMBLING,RL,0.353058,0.131611
120212,GAMBLING,RL,0.424447,0.095459
120515,GAMBLING,RL,0.237986,0.097244
121618,GAMBLING,RL,0.312289,0.048642
122317,GAMBLING,RL,0.384076,0.048571
122620,GAMBLING,RL,0.323044,0.061154
123117,GAMBLING,RL,0.601344,0.140214
123420,GAMBLING,RL,0.253306,0.142049
123925,GAMBLING,RL,0.211291,0.124694
124220,GAMBLING,RL,0.698021,0.147998
125525,GAMBLING,RL,0.123699,0.091002
126325,GAMBLING,RL,0.612311,0.114212
126628,GAMBLING,RL,0.283622,0.123486
127630,GAMBLING,RL,0.295251,0.102878
127933,GAMBLING,RL,0.239464,0.053543
128127,GAMBLING,RL,0.784980,0.057427
128632,GAMBLING,RL,0.120262,0.064116
129028,GAMBLING,RL,0.119077,0.072619
130013,GAMBLING,RL,0.235022,0.080258
130316,GAMBLING,RL,0.493955,0.111864
131217,GAMBLING,RL,0.436808,0.087333
131722,GAMBLING,RL,0.440058,0.078115
133019,GAMBLING,RL,0.187762,0.077571
133827,GAMBLING,RL,0.235657,0.059866
133928,GAMBLING,RL,0.230521,0.052845
134324,GAMBLING,RL,0.343334,0.072946
135225,GAMBLING,RL,0.314343,0.116095
135528,GAMBLING,RL,0.149352,0.060999
136227,GAMBLING,RL,0.378076,0.065089
136833,GAMBLING,RL,0.311994,0.099753
137027,GAMBLING,RL,0.140190,0.058030
138534,GAMBLING,RL,0.140670,0.081194
139233,GAMBLING,RL,0.178270,0.152684
139637,GAMBLING,RL,0.284777,0.072694
140925,GAMBLING,RL,0.212666,0.135183
144832,GAMBLING,RL,0.473534,0.073576
146432,GAMBLING,RL,0.141016,0.082810
147030,GAMBLING,RL,0.299566,0.228688
147737,GAMBLING,RL,0.308107,0.062828
148335,GAMBLING,RL,0.312008,0.103681
148840,GAMBLING,RL,0.372694,0.051404
148941,GAMBLING,RL,0.544111,0.047463
149741,GAMBLING,RL,1.852200,0.123693
150423,GAMBLING,RL,0.156318,0.038178
150726,GAMBLING,RL,0.145094,0.090430
151223,GAMBLING,RL,0.378473,0.140945
151526,GAMBLING,RL,0.511213,0.106609
151627,GAMBLING,RL,0.478913,0.068740
151728,GAMBLING,RL,0.386585,0.168597
153833,GAMBLING,RL,0.548190,0.169529
154734,GAMBLING,RL,0.291372,0.056348
154835,GAMBLING,RL,0.329074,0.091354
154936,GAMBLING,RL,0.602683,0.090779
155231,GAMBLING,RL,0.201927,0.063126
156233,GAMBLING,RL,2.553570,0.428820
156637,GAMBLING,RL,0.517581,0.161668
157437,GAMBLING,RL,0.317392,0.123442
158136,GAMBLING,RL,0.305380,0.080476
159138,GAMBLING,RL,0.275345,0.106724
159239,GAMBLING,RL,0.167190,0.066484
159340,GAMBLING,RL,0.316023,0.163796
159441,GAMBLING,RL,1.596090,0.088935
160830,GAMBLING,RL,1.494910,0.070673
161630,GAMBLING,RL,0.205913,0.125397
162228,GAMBLING,RL,0.115376,0.059124
162733,GAMBLING,RL,0.243903,0.088685
163331,GAMBLING,RL,0.311204,0.187354
163432,GAMBLING,RL,0.250257,0.071504
164030,GAMBLING,RL,0.170523,0.049581
164131,GAMBLING,RL,0.372974,0.099795
164939,GAMBLING,RL,0.115384,0.080911
167036,GAMBLING,RL,0.761217,0.058707
167743,GAMBLING,RL,0.187764,0.146951
168139,GAMBLING,RL,0.359296,0.081510
168341,GAMBLING,RL,0.334457,0.065110
169444,GAMBLING,RL,0.131511,0.067843
170934,GAMBLING,RL,0.145531,0.090497
172029,GAMBLING,RL,0.242290,0.073941
172332,GAMBLING,RL,0.404583,0.083675
172534,GAMBLING,RL,0.515701,0.050098
172938,GAMBLING,RL,0.144978,0.091525
173435,GAMBLING,RL,0.134884,0.052307
173940,GAMBLING,RL,0.165612,0.059649
176542,GAMBLING,RL,0.163495,0.055928
177645,GAMBLING,RL,0.216415,0.051129
178142,GAMBLING,RL,0.199761,0.067165
178849,GAMBLING,RL,0.201323,0.068326
178950,GAMBLING,RL,0.151440,0.099646
180129,GAMBLING,RL,2.234300,0.187293
180432,GAMBLING,RL,0.249935,0.056956
181232,GAMBLING,RL,0.759800,0.057543
182739,GAMBLING,RL,0.270550,0.081495
185442,GAMBLING,RL,0.174298,0.061639
186141,GAMBLING,RL,0.168070,0.074067
187143,GAMBLING,RL,0.120471,0.105804
189349,GAMBLING,RL,0.241897,0.052596
189450,GAMBLING,RL,0.413790,0.095491
190031,GAMBLING,RL,0.147665,0.088451
191033,GAMBLING,RL,0.119072,0.058845
192540,GAMBLING,RL,0.319529,0.055875
195041,GAMBLING,RL,0.100505,0.084247
196750,GAMBLING,RL,0.374556,0.095893
197550,GAMBLING,RL,0.182825,0.075296
198451,GAMBLING,RL,0.390661,0.058675
198855,GAMBLING,RL,0.139756,0.063132
199655,GAMBLING,RL,0.101465,0.069514
199958,GAMBLING,RL,0.195821,0.085284
200614,GAMBLING,RL,0.122021,0.113719
201818,GAMBLING,RL,0.153580,0.047577
203418,GAMBLING,RL,0.184462,0.076289
204016,GAMBLING,RL,0.702853,0.077172
208226,GAMBLING,RL,0.893014,0.078733
210011,GAMBLING,RL,0.227118,0.039340
212217,GAMBLING,RL,0.239339,0.179968
212318,GAMBLING,RL,0.267843,0.147461
214423,GAMBLING,RL,0.248634,0.055624
231928,GAMBLING,RL,0.297058,0.084601
239944,GAMBLING,RL,0.498866,0.059765
245333,GAMBLING,RL,0.496645,0.070827
285446,GAMBLING,RL,0.186518,0.047585
290136,GAMBLING,RL,0.243998,0.059615
304020,GAMBLING,RL,0.202841,0.100993
308331,GAMBLING,RL,0.398932,0.089619
310621,GAMBLING,RL,0.490158,0.097657
316633,GAMBLING,RL,0.418252,0.052621
361941,GAMBLING,RL,0.284692,0.067305
397760,GAMBLING,RL,0.116016,0.108221
414229,GAMBLING,RL,0.184573,0.054470
465852,GAMBLING,RL,0.462519,0.117436
480141,GAMBLING,RL,0.179799,0.058648
486759,GAMBLING,RL,0.102924,0.087941
547046,GAMBLING,RL,0.284522,0.070659
552544,GAMBLING,RL,0.365500,0.045074
592455,GAMBLING,RL,0.396557,0.123882
622236,GAMBLING,RL,0.238984,0.064461
679568,GAMBLING,RL,0.351091,0.042329
715041,GAMBLING,RL,0.319032,0.071847
749361,GAMBLING,RL,0.350732,0.054964
753251,GAMBLING,RL,0.517657,0.108126
771354,GAMBLING,RL,0.168365,0.070675
782561,GAMBLING,RL,0.254518,0.058327
837560,GAMBLING,RL,0.091812,0.045527
845458,GAMBLING,RL,0.561380,0.074606
849971,GAMBLING,RL,0.129161,0.063147
871964,GAMBLING,RL,0.324577,0.070660
100307,EMOTION,RL,0.129210,0.067880
100408,EMOTION,RL,0.174382,0.112662
101006,EMOTION,RL,0.389697,0.064406
101107,EMOTION,RL,0.749367,0.159060
101309,EMOTION,RL,0.268902,0.048654
101410,EMOTION,RL,0.179944,0.081003
101915,EMOTION,RL,0.125041,0.090531
102008,EMOTION,RL,0.430135,0.123369
102311,EMOTION,RL,0.732998,0.063533
102816,EMOTION,RL,2.262960,0.149347
103111,EMOTION,RL,0.462357,0.092137
103515,EMOTION,RL,1.104180,0.127102
103818,EMOTION,RL,0.256886,0.086731
105014,EMOTION,RL,0.104947,0.078442
105115,EMOTION,RL,0.140455,0.071641
105216,EMOTION,RL,0.206588,0.053320
106016,EMOTION,RL,0.322296,0.076345
106521,EMOTION,RL,0.379063,0.054419
107321,EMOTION,RL,0.081745,0.047066
107422,EMOTION,RL,0.118682,0.052944
108121,EMOTION,RL,0.262346,0.177389
108323,EMOTION,RL,0.660227,0.060167
108525,EMOTION,RL,0.638573,0.090829
108828,EMOTION,RL,0.253471,0.102483
109123,EMOTION,RL,0.108594,0.080295
109325,EMOTION,RL,0.256478,0.115964
110411,EMOTION,RL,0.171993,0.053370
111312,EMOTION,RL,0.350663,0.068350
111413,EMOTION,RL,0.542091,0.089457
111716,EMOTION,RL,0.238519,0.073230
113215,EMOTION,RL,0.078041,0.058284
113922,EMOTION,RL,0.243362,0.055951
114419,EMOTION,RL,0.264817,0.075665
114924,EMOTION,RL,0.638898,0.203688
115320,EMOTION,RL,0.180816,0.085818
116524,EMOTION,RL,0.663713,0.135570
117122,EMOTION,RL,0.255775,0.056395
117324,EMOTION,RL,0.286498,0.060253
118528,EMOTION,RL,0.112305,0.081687
118730,EMOTION,RL,0.608702,0.074013
118932,EMOTION,RL,0.229604,0.076388
119833,EMOTION,RL,0.101822,0.091876
120212,EMOTION,RL,0.346890,0.101503
120515,EMOTION,RL,0.072297,0.091718
121618,EMOTION,RL,0.238211,0.056980
122317,EMOTION,RL,0.249290,0.056606
122620,EMOTION,RL,0.165460,0.048708
123117,EMOTION,RL,0.357774,0.115214
123420,EMOTION,RL,0.379131,0.098191
123925,EMOTION,RL,1.711090,0.112005
124220,EMOTION,RL,0.256748,0.179338
125525,EMOTION,RL,0.121545,0.097546
126325,EMOTION,RL,0.524236,0.091398
126628,EMOTION,RL,0.552668,0.127212
127630,EMOTION,RL,1.242210,0.121011
127933,EMOTION,RL,0.244733,0.052740
128127,EMOTION,RL,0.143218,0.045959
128632,EMOTION,RL,0.275135,0.065291
129028,EMOTION,RL,0.117288,0.052192
130013,EMOTION,RL,0.268120,0.089531
130316,EMOTION,RL,0.500053,0.149176
131217,EMOTION,RL,0.636552,0.077369
131722,EMOTION,RL,0.136997,0.055609
133019,EMOTION,RL,0.748832,0.066568
133827,EMOTION,RL,0.230444,0.105093
133928,EMOTION,RL,0.283307,0.069003
134324,EMOTION,RL,0.815715,0.102429
135225,EMOTION,RL,0.146607,0.084920
135528,EMOTION,RL,0.424811,0.083536
136227,EMOTION,RL,0.164272,0.063444
136833,EMOTION,RL,0.328270,0.082046
137027,EMOTION,RL,0.092604,0.050439
138534,EMOTION,RL,0.141161,0.114766
139233,EMOTION,RL,0.267649,0.110296
139637,EMOTION,RL,0.267015,0.070310
140925,EMOTION,RL,1.238970,0.182857
144832,EMOTION,RL,1.209180,0.085267
146432,EMOTION,RL,0.161594,0.088477
147030,EMOTION,RL,0.897659,0.218198
147737,EMOTION,RL,0.179979,0.078645
148335,EMOTION,RL,0.394118,0.137180
148840,EMOTION,RL,0.098951,0.091836
148941,EMOTION,RL,0.145612,0.047099
149741,EMOTION,RL,0.278452,0.158730
150423,EMOTION,RL,0.200702,0.065901
150726,EMOTION,RL,0.160419,0.088254
151223,EMOTION,RL,0.334686,0.115253
151526,EMOTION,RL,1.024450,0.108206
151627,EMOTION,RL,0.133521,0.080301
151728,EMOTION,RL,0.463754,0.199461
153833,EMOTION,RL,0.202933,0.132038
154734,EMOTION,RL,0.160380,0.074746
154835,EMOTION,RL,0.156469,0.111713
154936,EMOTION,RL,0.535057,0.093128
155231,EMOTION,RL,0.570631,0.056100
156233,EMOTION,RL,0.957684,0.107814
156637,EMOTION,RL,0.229077,0.169578
157437,EMOTION,RL,0.455189,0.098378
158136,EMOTION,RL,0.386814,0.079121
159138,EMOTION,RL,0.266916,0.071176
159239,EMOTION,RL,0.109717,0.076863
159340,EMOTION,RL,0.124169,0.086235
159441,EMOTION,RL,0.814514,0.135431
160830,EMOTION,RL,0.502613,0.077860
161630,EMOTION,RL,0.451068,0.110702
162228,EMOTION,RL,0.272302,0.082150
162733,EMOTION,RL,0.186119,0.119567
163331,EMOTION,RL,0.191568,0.208582
163432,EMOTION,RL,0.172169,0.092844
164030,EMOTION,RL,0.062148,0.048923
164131,EMOTION,RL,0.194477,0.101765
164939,EMOTION,RL,1.912540,0.110987
167036,EMOTION,RL,0.210450,0.058692
167743,EMOTION,RL,0.387245,0.148420
168139,EMOTION,RL,0.740346,0.068760
168341,EMOTION,RL,0.432414,0.055082
169444,EMOTION,RL,0.162365,0.071459
170934,EMOTION,RL,0.130575,0.086885
172029,EMOTION,RL,0.363433,0.064886
172332,EMOTION,RL,0.245147,0.076775
172534,EMOTION,RL,0.189157,0.053028
172938,EMOTION,RL,0.259376,0.087502
173435,EMOTION,RL,0.172778,0.039443
173940,EMOTION,RL,0.124649,0.058185
176542,EMOTION,RL,0.261807,0.040239
177645,EMOTION,RL,0.383564,0.055005
178142,EMOTION,RL,0.107592,0.060481
178849,EMOTION,RL,0.854201,0.043511
178950,EMOTION,RL,0.100544,0.067273
180129,EMOTION,RL,0.518665,0.106261
180432,EMOTION,RL,0.187430,0.052870
181232,EMOTION,RL,0.379633,0.051326
182739,EMOTION,RL,0.278002,0.056788
185442,EMOTION,RL,0.265675,0.059732
186141,EMOTION,RL,0.331098,0.131973
187143,EMOTION,RL,0.151102,0.108918
189349,EMOTION,RL,0.262134,0.039559
189450,EMOTION,RL,0.535061,0.102365
190031,EMOTION,RL,0.172937,0.092791
191033,EMOTION,RL,0.278318,0.059995
192540,EMOTION,RL,0.275455,0.060982
195041,EMOTION,RL,0.115307,0.103253
196750,EMOTION,RL,0.329122,0.112125
197550,EMOTION,RL,0.209381,0.099310
198451,EMOTION,RL,0.595027,0.058943
198855,EMOTION,RL,0.106060,0.052699
199655,EMOTION,RL,0.092555,0.055420
199958,EMOTION,RL,1.147690,0.086734
200614,EMOTION,RL,0.193680,0.118701
201818,EMOTION,RL,0.133084,0.036754
203418,EMOTION,RL,0.221091,0.070649
204016,EMOTION,RL,0.601820,0.116424
208226,EMOTION,RL,1.103440,0.094917
210011,EMOTION,RL,0.145354,0.045169
212217,EMOTION,RL,0.711839,0.122008
212318,EMOTION,RL,0.189015,0.146447
214423,EMOTION,RL,0.380851,0.069422
231928,EMOTION,RL,0.318635,0.064733
239944,EMOTION,RL,0.512296,0.044931
245333,EMOTION,RL,0.323817,0.051238
285446,EMOTION,RL,0.414481,0.048582
290136,EMOTION,RL,0.271173,0.083905
304020,EMOTION,RL,0.216960,0.111949
308331,EMOTION,RL,1.459980,0.114196
310621,EMOTION,RL,0.160864,0.079644
316633,EMOTION,RL,0.295844,0.068414
361941,EMOTION,RL,0.174004,0.082004
397760,EMOTION,RL,0.221712,0.160149
414229,EMOTION,RL,0.129403,0.057034
465852,EMOTION,RL,0.575540,0.102310
480141,EMOTION,RL,0.093169,0.064544
486759,EMOTION,RL,0.090421,0.064269
547046,EMOTION,RL,0.129389,0.048748
552544,EMOTION,RL,0.332425,0.052971
592455,EMOTION,RL,0.353768,0.113579
622236,EMOTION,RL,0.188359,0.063623
679568,EMOTION,RL,0.339962,0.048487
715041,EMOTION,RL,0.289797,0.062449
749361,EMOTION,RL,0.171259,0.092673
753251,EMOTION,RL,0.509937,0.081202
771354,EMOTION,RL,0.280251,0.062119
782561,EMOTION,RL,0.112587,0.060735
837560,EMOTION,RL,0.096053,0.047671
845458,EMOTION,RL,0.236677,0.095064
849971,EMOTION,RL,0.137094,0.066778
871964,EMOTION,RL,0.166927,0.090764
